Step,Sensor1,Sensor2,Sensor3,Sensor4,Sensor5,Sensor6,Sensor7,Sensor8,Sensor9,Sensor10,Sensor11,Sensor12
0,True,False,False,True,False,False,False,False,True,True,True,True
1,True,False,False,True,False,False,False,False,True,True,True,True
2,True,False,False,True,False,False,False,False,True,True,True,True
3,True,False,False,True,False,False,False,False,True,True,True,True
4,True,False,False,True,False,False,False,False,True,True,True,True
5,True,False,False,True,False,False,False,False,True,True,True,True
6,True,False,False,True,False,False,False,False,True,True,True,True
7,True,False,False,True,False,False,False,False,True,True,True,True
8,True,False,False,True,False,False,False,False,True,True,True,True
9,True,False,False,True,False,False,False,False,True,True,True,True
10,True,False,False,True,False,False,False,False,True,True,True,True
11,True,False,False,True,False,False,False,False,True,True,True,True
12,True,False,False,True,False,False,False,False,True,True,True,True
13,True,False,False,True,False,False,False,False,True,True,True,True
14,True,False,False,True,False,False,False,False,True,True,True,True
15,True,False,False,True,False,False,False,False,True,True,True,True
16,True,False,False,True,False,False,False,False,True,True,True,True
17,True,False,False,True,False,False,False,False,True,True,True,True
18,True,False,False,True,False,False,False,False,True,True,True,True
19,True,False,False,True,False,False,False,False,True,True,True,True
20,True,False,False,True,False,False,False,False,True,True,True,True
21,True,False,False,True,False,False,False,False,True,True,True,True
22,True,False,False,True,False,False,False,False,True,True,True,True
23,True,False,False,True,False,False,False,False,True,True,True,True
24,True,False,False,True,False,False,False,False,True,True,True,True
25,True,False,False,True,False,False,False,False,True,True,True,True
26,True,False,False,True,False,False,False,False,True,True,True,True
27,True,False,False,True,False,False,False,False,True,True,True,True
28,True,False,False,True,False,False,False,False,True,True,True,True
29,True,False,False,True,False,False,False,False,True,True,True,True
30,True,False,False,True,False,False,False,False,True,True,True,True
31,True,False,False,True,False,False,False,False,True,True,True,True
32,True,False,False,True,False,False,False,False,True,True,True,True
33,True,False,False,True,False,False,False,False,True,True,True,True
34,True,False,False,True,False,False,False,False,True,True,True,True
35,True,False,False,True,False,False,False,False,True,True,True,True
36,True,False,False,True,False,False,False,False,True,True,True,True
37,True,False,False,True,False,False,False,False,True,True,True,True
38,True,False,False,True,False,False,False,False,True,True,True,True
39,True,False,False,True,False,False,False,False,True,True,True,True
40,True,False,False,True,False,False,False,False,True,True,True,True
41,True,False,False,True,False,False,False,False,True,True,True,True
42,True,False,False,True,False,False,False,False,True,True,True,True
43,True,False,False,True,False,False,False,False,True,True,True,True
44,True,False,False,True,False,False,False,False,True,True,True,True
45,True,False,False,True,False,False,False,False,True,True,True,True
46,True,False,False,True,False,False,False,False,True,True,True,True
47,True,False,False,True,False,False,False,False,True,True,True,True
48,True,False,False,True,False,False,False,False,True,True,True,True
49,True,False,False,True,False,False,False,False,True,True,True,True
50,True,False,False,True,False,False,False,False,True,True,True,True
51,True,False,False,True,False,False,False,False,True,True,True,True
52,True,False,False,True,False,False,False,False,True,True,True,True
53,True,False,False,True,False,False,False,False,True,True,True,True
54,True,False,False,True,False,False,False,False,True,True,True,True
55,True,False,False,True,False,False,False,False,True,True,True,True
56,True,False,False,True,False,False,False,False,True,True,True,True
57,True,False,False,True,False,False,False,False,True,True,True,True
58,True,False,False,True,False,False,False,False,True,True,True,True
59,True,False,False,True,False,False,False,False,True,True,True,True
60,True,False,False,True,False,False,False,False,True,True,True,True
61,True,False,False,True,False,False,False,False,True,True,True,True
62,True,False,False,True,False,False,False,False,True,True,True,True
63,True,False,False,True,False,False,False,False,True,True,True,True
64,True,False,False,True,False,False,False,False,True,True,True,True
65,True,False,False,True,False,False,False,False,True,True,True,True
66,True,False,False,True,False,False,False,False,True,True,True,True
67,True,False,False,True,False,False,False,False,True,True,True,True
68,True,False,False,True,False,False,False,False,True,True,True,True
69,True,False,False,True,False,False,False,False,True,True,True,True
70,True,False,False,True,False,False,False,False,True,True,True,True
71,True,False,False,True,False,False,False,False,True,True,True,True
72,True,False,False,True,False,False,False,False,True,True,True,True
73,True,False,False,True,False,False,False,False,True,True,True,True
74,True,False,False,True,False,False,False,False,True,True,True,True
75,True,False,False,True,False,False,False,False,True,True,True,True
76,True,False,False,True,False,False,False,False,True,True,True,True
77,True,False,False,True,False,False,False,False,True,True,True,True
78,True,False,False,True,False,False,False,False,True,True,True,True
79,True,False,False,True,False,False,False,False,True,True,True,True
80,True,False,False,True,False,False,False,False,True,True,True,True
81,True,False,False,True,False,False,False,False,True,True,True,True
82,True,False,False,True,False,False,False,False,True,True,True,True
83,True,False,False,True,False,False,False,False,True,True,True,True
84,True,False,False,True,False,False,False,False,True,True,True,True
85,True,False,False,True,False,False,False,False,True,True,True,True
86,True,False,False,True,False,False,False,False,True,True,True,True
87,True,False,False,True,False,False,False,False,True,True,True,True
88,True,False,False,True,False,False,False,False,True,True,True,True
89,True,False,False,True,False,False,False,False,True,True,True,True
90,True,False,False,True,False,False,False,False,True,True,True,True
91,True,False,False,True,False,False,False,False,True,True,True,True
92,True,False,False,True,False,False,False,False,True,True,True,True
93,True,False,False,True,False,False,False,False,True,True,True,True
94,True,False,False,True,False,False,False,False,True,True,True,True
95,True,False,False,True,False,False,False,False,True,True,True,True
96,True,False,False,True,False,False,False,False,True,True,True,True
97,True,False,False,True,False,False,False,False,True,True,True,True
98,True,False,False,True,False,False,False,False,True,True,True,True
99,True,False,False,True,False,False,False,False,True,True,True,True
100,True,False,False,True,False,False,False,False,True,True,True,True
101,True,False,False,True,False,False,False,False,True,True,True,True
102,True,False,False,True,False,False,False,False,True,True,True,True
103,True,False,False,True,False,False,False,False,True,True,True,True
104,True,False,False,True,False,False,False,False,True,True,True,True
105,True,False,False,True,False,False,False,False,True,True,True,True
106,True,False,False,True,False,False,False,False,True,True,True,True
107,True,False,False,True,False,False,False,False,True,True,True,True
108,True,False,False,True,False,False,False,False,True,True,True,True
109,True,False,False,True,False,False,False,False,True,True,True,True
110,True,False,False,True,False,False,False,False,True,True,True,True
111,True,False,False,True,False,False,False,False,True,True,True,True
112,True,False,False,True,False,False,False,False,True,True,True,True
113,True,False,False,True,False,False,False,False,True,True,True,True
114,True,False,False,True,False,False,False,False,True,True,True,True
115,True,False,False,True,False,False,False,False,True,True,True,True
116,True,False,False,True,False,False,False,False,True,True,True,True
117,True,False,False,True,False,False,False,False,True,True,True,True
118,True,False,False,True,False,False,False,False,True,True,True,True
119,True,False,False,True,False,False,False,False,True,True,True,True
120,True,False,False,True,False,False,False,False,True,True,True,True
121,True,False,False,True,False,False,False,False,True,True,True,True
122,True,False,False,True,False,False,False,False,True,True,True,True
123,True,False,False,True,False,False,False,False,True,True,True,True
124,True,False,False,True,False,False,False,False,True,True,True,True
125,True,False,False,True,False,False,False,False,True,True,True,True
126,True,False,False,True,False,False,False,False,True,True,True,True
127,True,False,False,True,False,False,False,False,True,True,True,True
128,True,False,False,True,False,False,False,False,True,True,True,True
129,True,False,False,True,False,False,False,False,True,True,True,True
130,True,False,False,True,False,False,False,False,True,True,True,True
131,True,False,False,True,False,False,False,False,True,True,True,True
132,True,False,False,True,False,False,False,False,True,True,True,True
133,True,False,False,True,False,False,False,False,True,True,True,True
134,True,False,False,True,False,False,False,False,True,True,True,True
135,True,False,False,True,False,False,False,False,True,True,True,True
136,True,False,False,True,False,False,False,False,True,True,True,True
137,True,False,False,True,False,False,False,False,True,True,True,True
138,True,False,False,True,False,False,False,False,True,True,True,True
139,True,False,False,True,False,False,False,False,True,True,True,True
140,True,False,False,True,False,False,False,False,True,True,True,True
141,True,False,False,True,False,False,False,False,True,True,True,True
142,True,False,False,True,False,False,False,False,True,True,True,True
143,True,False,False,True,False,False,False,False,True,True,True,True
144,True,False,False,True,False,False,False,False,True,True,True,True
145,True,False,False,True,False,False,False,False,True,True,True,True
146,True,False,False,True,False,False,False,False,True,True,True,True
147,True,False,False,True,False,False,False,False,True,True,True,True
148,True,False,False,True,False,False,False,False,True,True,True,True
149,True,False,False,True,False,False,False,False,True,True,True,True
150,True,False,False,True,False,False,False,False,True,True,True,True
151,True,False,False,True,False,False,False,False,True,True,True,True
152,True,False,False,True,False,False,False,False,True,True,True,True
153,True,False,False,True,False,False,False,False,True,True,True,True
154,True,False,False,True,False,False,False,False,True,True,True,True
155,True,False,False,True,False,False,False,False,True,True,True,True
156,True,False,False,True,False,False,False,False,True,True,True,True
157,True,False,False,True,False,False,False,False,True,True,True,True
158,True,False,False,True,False,False,False,False,True,True,True,True
159,True,False,False,True,False,False,False,False,True,True,True,True
160,True,False,False,True,False,False,False,False,True,True,True,True
161,True,False,False,True,False,False,False,False,True,True,True,True
162,True,False,False,True,False,False,False,False,True,True,True,True
163,True,False,False,True,False,False,False,False,True,True,True,True
164,True,False,False,True,False,False,False,False,True,True,True,True
165,True,False,False,True,False,False,False,False,True,True,True,True
166,True,False,False,True,False,False,False,False,True,True,True,True
167,True,False,False,True,False,False,False,False,True,True,True,True
168,True,False,False,True,False,False,False,False,True,True,True,True
169,True,False,False,True,False,False,False,False,True,True,True,True
170,True,False,False,True,False,False,False,False,True,True,True,True
171,True,False,False,True,False,False,False,False,True,True,True,True
172,True,False,False,True,False,False,False,False,True,True,True,True
173,True,False,False,True,False,False,False,False,True,True,True,True
174,True,False,False,True,False,False,False,False,True,True,True,True
175,True,False,False,True,False,False,False,False,True,True,True,True
176,True,False,False,True,False,False,False,False,True,True,True,True
177,True,False,False,True,False,False,False,False,True,True,True,True
178,True,False,False,True,False,False,False,False,True,True,True,True
179,True,False,False,True,False,False,False,False,True,True,True,True
180,True,False,False,True,False,False,False,False,True,True,True,True
181,True,False,False,True,False,False,False,False,True,True,True,True
182,True,False,False,True,False,False,False,False,True,True,True,True
183,True,False,False,True,False,False,False,False,True,True,True,True
184,True,False,False,True,False,False,False,False,True,True,True,True
185,True,False,False,True,False,False,False,False,True,True,True,True
186,True,False,False,True,False,False,False,False,True,True,True,True
187,True,False,False,True,False,False,False,False,True,True,True,True
188,True,False,False,True,False,False,False,False,True,True,True,True
189,True,False,False,True,False,False,False,False,True,True,True,True
190,True,False,False,True,False,False,False,False,True,True,True,True
191,True,False,False,True,False,False,False,False,True,True,True,True
192,True,False,False,True,False,False,False,False,True,True,True,True
193,True,False,False,True,False,False,False,False,True,True,True,True
194,True,False,False,True,False,False,False,False,True,True,True,True
195,True,False,False,True,False,False,False,False,True,True,True,True
196,True,False,False,True,False,False,False,False,True,True,True,True
197,True,False,False,True,False,False,False,False,True,True,True,True
198,True,False,False,True,False,False,False,False,True,True,True,True
199,True,False,False,True,False,False,False,False,True,True,True,True
200,True,False,False,True,False,False,False,False,True,True,True,True
201,True,False,False,True,False,False,False,False,True,True,True,True
202,True,False,False,True,False,False,False,False,True,True,True,True
203,True,False,False,True,False,False,False,False,True,True,True,True
204,True,False,False,True,False,False,False,False,True,True,True,True
205,True,False,False,True,False,False,False,False,True,True,True,True
206,True,False,False,True,False,False,False,False,True,True,True,True
207,True,False,False,True,False,False,False,False,True,True,True,True
208,True,False,False,True,False,False,False,False,True,True,True,True
209,True,False,False,True,False,False,False,False,True,True,True,True
210,True,False,False,True,False,False,False,False,True,True,True,True
211,True,False,False,True,False,False,False,False,True,True,True,True
212,True,False,False,True,False,False,False,False,True,True,True,True
213,True,False,False,True,False,False,False,False,True,True,True,True
214,True,False,False,True,False,False,False,False,True,True,True,True
215,True,False,False,True,False,False,False,False,True,True,True,True
216,True,False,False,True,False,False,False,False,True,True,True,True
217,True,False,False,True,False,False,False,False,True,True,True,True
218,True,False,False,True,False,False,False,False,True,True,True,True
219,True,False,False,True,False,False,False,False,True,True,True,True
220,True,False,False,True,False,False,False,False,True,True,True,True
221,True,False,False,True,False,False,False,False,True,True,True,True
222,True,False,False,True,False,False,False,False,True,True,True,True
223,True,False,False,True,False,False,False,False,True,True,True,True
224,True,False,False,True,False,False,False,False,True,True,True,True
225,True,False,False,True,False,False,False,False,True,True,True,True
226,True,False,False,True,False,False,False,False,True,True,True,True
227,True,False,False,True,False,False,False,False,True,True,True,True
228,True,False,False,True,False,False,False,False,True,True,True,True
229,True,False,False,True,False,False,False,False,True,True,True,True
230,True,False,False,True,False,False,False,False,True,True,True,True
231,True,False,False,True,False,False,False,False,True,True,True,True
232,True,False,False,True,False,False,False,False,True,True,True,True
233,True,False,False,True,False,False,False,False,True,True,True,True
234,True,False,False,True,False,False,False,False,True,True,True,True
235,True,False,False,True,False,False,False,False,True,True,True,True
236,True,False,False,True,False,False,False,False,True,True,True,True
237,True,False,False,True,False,False,False,False,True,True,True,True
238,True,False,False,True,False,False,False,False,True,True,True,True
239,True,False,False,True,False,False,False,False,True,True,True,True
240,True,False,False,True,False,False,False,False,True,True,True,True
241,True,False,False,True,False,False,False,False,True,True,True,True
242,True,False,False,True,False,False,False,False,True,True,True,True
243,True,False,False,True,False,False,False,False,True,True,True,True
244,True,False,False,True,False,False,False,False,True,True,True,True
245,True,False,False,True,False,False,False,False,True,True,True,True
246,True,False,False,True,False,False,False,False,True,True,True,True
247,True,False,False,True,False,False,False,False,True,True,True,True
248,True,False,False,True,False,False,False,False,True,True,True,True
249,True,False,False,True,False,False,False,False,True,True,True,True
250,True,False,False,True,False,False,False,False,True,True,True,True
251,True,False,False,True,False,False,False,False,True,True,True,True
252,True,False,False,True,False,False,False,False,True,True,True,True
253,True,False,False,True,False,False,False,False,True,True,True,True
254,True,False,False,True,False,False,False,False,True,True,True,True
255,True,False,False,True,False,False,False,False,True,True,True,True
256,True,False,False,True,False,False,False,False,True,True,True,True
257,True,False,False,True,False,False,False,False,True,True,True,True
258,True,False,False,True,False,False,False,False,True,True,True,True
259,True,False,False,True,False,False,False,False,True,True,True,True
260,True,False,False,True,False,False,False,False,True,True,True,True
261,True,False,False,True,False,False,False,False,True,True,True,True
262,True,False,False,True,False,False,False,False,True,True,True,True
263,True,False,False,True,False,False,False,False,True,True,True,True
264,True,False,False,True,False,False,False,False,True,True,True,True
265,True,False,False,True,False,False,False,False,True,True,True,True
266,True,False,False,True,False,False,False,False,True,True,True,True
267,True,False,False,True,False,False,False,False,True,True,True,True
268,True,False,False,True,False,False,False,False,True,True,True,True
269,True,False,False,True,False,False,False,False,True,True,True,True
270,True,False,False,True,False,False,False,False,True,True,True,True
271,True,False,False,True,False,False,False,False,True,True,True,True
272,True,False,False,True,False,False,False,False,True,True,True,True
273,True,False,False,True,False,False,False,False,True,True,True,True
274,True,False,False,True,False,False,False,False,True,True,True,True
275,True,False,False,True,False,False,False,False,True,True,True,True
276,True,False,False,True,False,False,False,False,True,True,True,True
277,True,False,False,True,False,False,False,False,True,True,True,True
278,True,False,False,True,False,False,False,False,True,True,True,True
279,True,False,False,True,False,False,False,False,True,True,True,True
280,True,False,False,True,False,False,False,False,True,True,True,True
281,True,False,False,True,False,False,False,False,True,True,True,True
282,True,False,False,True,False,False,False,False,True,True,True,True
283,True,False,False,True,False,False,False,False,True,True,True,True
284,True,False,False,True,False,False,False,False,True,True,True,True
285,True,False,False,True,False,False,False,False,True,True,True,True
286,True,False,False,True,False,False,False,False,True,True,True,True
287,True,False,False,True,False,False,False,False,True,True,True,True
288,True,False,False,True,False,False,False,False,True,True,True,True
289,True,False,False,True,False,False,False,False,True,True,True,True
290,True,False,False,True,False,False,False,False,True,True,True,True
291,True,False,False,True,False,False,False,False,True,True,True,True
292,True,False,False,True,False,False,False,False,True,True,True,True
293,True,False,False,True,False,False,False,False,True,True,True,True
294,True,False,False,True,False,False,False,False,True,True,True,True
295,True,False,False,True,False,False,False,False,True,True,True,True
296,True,False,False,True,False,False,False,False,True,True,True,True
297,True,False,False,True,False,False,False,False,True,True,True,True
298,True,False,False,True,False,False,False,False,True,True,True,True
299,True,False,False,True,False,False,False,False,True,True,True,True
300,True,False,False,True,False,False,False,False,True,True,True,True
301,True,False,False,True,False,False,False,False,True,True,True,True
302,True,False,False,True,False,False,False,False,True,True,True,True
303,True,False,False,True,False,False,False,False,True,True,True,True
304,True,False,False,True,False,False,False,False,True,True,True,True
305,True,False,False,True,False,False,False,False,True,True,True,True
306,True,False,False,True,False,False,False,False,True,True,True,True
307,True,False,False,True,False,False,False,False,True,True,True,True
308,True,False,False,True,False,False,False,False,True,True,True,True
309,True,False,False,True,False,False,False,False,True,True,True,True
310,True,False,False,True,False,False,False,False,True,True,True,True
311,True,False,False,True,False,False,False,False,True,True,True,True
312,True,False,False,True,False,False,False,False,True,True,True,True
313,True,False,False,True,False,False,False,False,True,True,True,True
314,True,False,False,True,False,False,False,False,True,True,True,True
315,True,False,False,True,False,False,False,False,True,True,True,True
316,True,False,False,True,False,False,False,False,True,True,True,True
317,True,False,False,True,False,False,False,False,True,True,True,True
318,True,False,False,True,False,False,False,False,True,True,True,True
319,True,False,False,True,False,False,False,False,True,True,True,True
320,True,False,False,True,False,False,False,False,True,True,True,True
321,True,False,False,True,False,False,False,False,True,True,True,True
322,True,False,False,True,False,False,False,False,True,True,True,True
323,True,False,False,True,False,False,False,False,True,True,True,True
324,True,False,False,True,False,False,False,False,True,True,True,True
325,True,False,False,True,False,False,False,False,True,True,True,True
326,True,False,False,True,False,False,False,False,True,True,True,True
327,True,False,False,True,False,False,False,False,True,True,True,True
328,True,False,False,True,False,False,False,False,True,True,True,True
329,True,False,False,True,False,False,False,False,True,True,True,True
330,True,False,False,True,False,False,False,False,True,True,True,True
331,True,False,False,True,False,False,False,False,True,True,True,True
332,True,False,False,True,False,False,False,False,True,True,True,True
333,True,False,False,True,False,False,False,False,True,True,True,True
334,True,False,False,True,False,False,False,False,True,True,True,True
335,True,False,False,True,False,False,False,False,True,True,True,True
336,True,False,False,True,False,False,False,False,True,True,True,True
337,True,False,False,True,False,False,False,False,True,True,True,True
338,True,False,False,True,False,False,False,False,True,True,True,True
339,True,False,False,True,False,False,False,False,True,True,True,True
340,True,False,False,True,False,False,False,False,True,True,True,True
341,True,False,False,True,False,False,False,False,True,True,True,True
342,True,False,False,True,False,False,False,False,True,True,True,True
343,True,False,False,True,False,False,False,False,True,True,True,True
344,True,False,False,True,False,False,False,False,True,True,True,True
345,True,False,False,True,False,False,False,False,True,True,True,True
346,True,False,False,True,False,False,False,False,True,True,True,True
347,True,False,False,True,False,False,False,False,True,True,True,True
348,True,False,False,True,False,False,False,False,True,True,True,True
349,True,False,False,True,False,False,False,False,True,True,True,True
350,True,False,False,True,False,False,False,False,True,True,True,True
351,True,False,False,True,False,False,False,False,True,True,True,True
352,True,False,False,True,False,False,False,False,True,True,True,True
353,True,False,False,True,False,False,False,False,True,True,True,True
354,True,False,False,True,False,False,False,False,True,True,True,True
355,True,False,False,True,False,False,False,False,True,True,True,True
356,True,False,False,True,False,False,False,False,True,True,True,True
357,True,False,False,True,False,False,False,False,True,True,True,True
358,True,False,False,True,False,False,False,False,True,True,True,True
359,True,False,False,True,False,False,False,False,True,True,True,True
360,True,False,False,True,False,False,False,False,True,True,True,True
361,True,False,False,True,False,False,False,False,True,True,True,True
362,True,False,False,True,False,False,False,False,True,True,True,True
363,True,False,False,True,False,False,False,False,True,True,True,True
364,True,False,False,True,False,False,False,False,True,True,True,True
365,True,False,False,True,False,False,False,False,True,True,True,True
366,True,False,False,True,False,False,False,False,True,True,True,True
367,True,False,False,True,False,False,False,False,True,True,True,True
368,True,False,False,True,False,False,False,False,True,True,True,True
369,True,False,False,True,False,False,False,False,True,True,True,True
370,True,False,False,True,False,False,False,False,True,True,True,True
371,True,False,False,True,False,False,False,False,True,True,True,True
372,True,False,False,True,False,False,False,False,True,True,True,True
373,True,False,False,True,False,False,False,False,True,True,True,True
374,True,False,False,True,False,False,False,False,True,True,True,True
375,True,False,False,True,False,False,False,False,True,True,True,True
376,True,False,False,True,False,False,False,False,True,True,True,True
377,True,False,False,True,False,False,False,False,True,True,True,True
378,True,False,False,True,False,False,False,False,True,True,True,True
379,True,False,False,True,False,False,False,False,True,True,True,True
380,True,False,False,True,False,False,False,False,True,True,True,True
381,True,False,False,True,False,False,False,False,True,True,True,True
382,True,False,False,True,False,False,False,False,True,True,True,True
383,True,False,False,True,False,False,False,False,True,True,True,True
384,True,False,False,True,False,False,False,False,True,True,True,True
385,True,False,False,True,False,False,False,False,True,True,True,True
386,True,False,False,True,False,False,False,False,True,True,True,True
387,True,False,False,True,False,False,False,False,True,True,True,True
388,True,False,False,True,False,False,False,False,True,True,True,True
389,True,False,False,True,False,False,False,False,True,True,True,True
390,True,False,False,True,False,False,False,False,True,True,True,True
391,True,False,False,True,False,False,False,False,True,True,True,True
392,True,False,False,True,False,False,False,False,True,True,True,True
393,True,False,False,True,False,False,False,False,True,True,True,True
394,True,False,False,True,False,False,False,False,True,True,True,True
395,True,False,False,True,False,False,False,False,True,True,True,True
396,True,False,False,True,False,False,False,False,True,True,True,True
397,True,False,False,True,False,False,False,False,True,True,True,True
398,True,False,False,True,False,False,False,False,True,True,True,True
399,True,False,False,True,False,False,False,False,True,True,True,True
400,True,False,False,True,False,False,False,False,True,True,True,True
401,True,False,False,True,False,False,False,False,True,True,True,True
402,True,False,False,True,False,False,False,False,True,True,True,True
403,True,False,False,True,False,False,False,False,True,True,True,True
404,True,False,False,True,False,False,False,False,True,True,True,True
405,True,False,False,True,False,False,False,False,True,True,True,True
406,True,False,False,True,False,False,False,False,True,True,True,True
407,True,False,False,True,False,False,False,False,True,True,True,True
408,True,False,False,True,False,False,False,False,True,True,True,True
409,True,False,False,True,False,False,False,False,True,True,True,True
410,True,False,False,True,False,False,False,False,True,True,True,True
411,True,False,False,True,False,False,False,False,True,True,True,True
412,True,False,False,True,False,False,False,False,True,True,True,True
413,True,False,False,True,False,False,False,False,True,True,True,True
414,True,False,False,True,False,False,False,False,True,True,True,True
415,True,False,False,True,False,False,False,False,True,True,True,True
416,True,False,False,True,False,False,False,False,True,True,True,True
417,True,False,False,True,False,False,False,False,True,True,True,True
418,True,False,False,True,False,False,False,False,True,True,True,True
419,True,False,False,True,False,False,False,False,True,True,True,True
420,True,False,False,True,False,False,False,False,True,True,True,True
421,True,False,False,True,False,False,False,False,True,True,True,True
422,True,False,False,True,False,False,False,False,True,True,True,True
423,True,False,False,True,False,False,False,False,True,True,True,True
424,True,False,False,True,False,False,False,False,True,True,True,True
425,True,False,False,True,False,False,False,False,True,True,True,True
426,True,False,False,True,False,False,False,False,True,True,True,True
427,True,False,False,True,False,False,False,False,True,True,True,True
428,True,False,False,True,False,False,False,False,True,True,True,True
429,True,False,False,True,False,False,False,False,True,True,True,True
430,True,False,False,True,False,False,False,False,True,True,True,True
431,True,False,False,True,False,False,False,False,True,True,True,True
432,True,False,False,True,False,False,False,False,True,True,True,True
433,True,False,False,True,False,False,False,False,True,True,True,True
434,True,False,False,True,False,False,False,False,True,True,True,True
435,True,False,False,True,False,False,False,False,True,True,True,True
436,True,False,False,True,False,False,False,False,True,True,True,True
437,True,False,False,True,False,False,False,False,True,True,True,True
438,True,False,False,True,False,False,False,False,True,True,True,True
439,True,False,False,True,False,False,False,False,True,True,True,True
440,True,False,False,True,False,False,False,False,True,True,True,True
441,True,False,False,True,False,False,False,False,True,True,True,True
442,True,False,False,True,False,False,False,False,True,True,True,True
443,True,False,False,True,False,False,False,False,True,True,True,True
444,True,False,False,True,False,False,False,False,True,True,True,True
445,True,False,False,True,False,False,False,False,True,True,True,True
446,True,False,False,True,False,False,False,False,True,True,True,True
447,True,False,False,True,False,False,False,False,True,True,True,True
448,True,False,False,True,False,False,False,False,True,True,True,True
449,True,False,False,True,False,False,False,False,True,True,True,True
450,True,False,False,True,False,False,False,False,True,True,True,True
451,True,False,False,True,False,False,False,False,True,True,True,True
452,True,False,False,True,False,False,False,False,True,True,True,True
453,True,False,False,True,False,False,False,False,True,True,True,True
454,True,False,False,True,False,False,False,False,True,True,True,True
455,True,False,False,True,False,False,False,False,True,True,True,True
456,True,False,False,True,False,False,False,False,True,True,True,True
457,True,False,False,True,False,False,False,False,True,True,True,True
458,True,False,False,True,False,False,False,False,True,True,True,True
459,True,False,False,True,False,False,False,False,True,True,True,True
460,True,False,False,True,False,False,False,False,True,True,True,True
461,True,False,False,True,False,False,False,False,True,True,True,True
462,True,False,False,True,False,False,False,False,True,True,True,True
463,True,False,False,True,False,False,False,False,True,True,True,True
464,True,False,False,True,False,False,False,False,True,True,True,True
465,True,False,False,True,False,False,False,False,True,True,True,True
466,True,False,False,True,False,False,False,False,True,True,True,True
467,True,False,False,True,False,False,False,False,True,True,True,True
468,True,False,False,True,False,False,False,False,True,True,True,True
469,True,False,False,True,False,False,False,False,True,True,True,True
470,True,False,False,True,False,False,False,False,True,True,True,True
471,True,False,False,True,False,False,False,False,True,True,True,True
472,True,False,False,True,False,False,False,False,True,True,True,True
473,True,False,False,True,False,False,False,False,True,True,True,True
474,True,False,False,True,False,False,False,False,True,True,True,True
475,True,False,False,True,False,False,False,False,True,True,True,True
476,True,False,False,True,False,False,False,False,True,True,True,True
477,True,False,False,True,False,False,False,False,True,True,True,True
478,True,False,False,True,False,False,False,False,True,True,True,True
479,True,False,False,True,False,False,False,False,True,True,True,True
480,True,False,False,True,False,False,False,False,True,True,True,True
481,True,False,False,True,False,False,False,False,True,True,True,True
482,True,False,False,True,False,False,False,False,True,True,True,True
483,True,False,False,True,False,False,False,False,True,True,True,True
484,True,False,False,True,False,False,False,False,True,True,True,True
485,True,False,False,True,False,False,False,False,True,True,True,True
486,True,False,False,True,False,False,False,False,True,True,True,True
487,True,False,False,True,False,False,False,False,True,True,True,True
488,True,False,False,True,False,False,False,False,True,True,True,True
489,True,False,False,True,False,False,False,False,True,True,True,True
490,True,False,False,True,False,False,False,False,True,True,True,True
491,True,False,False,True,False,False,False,False,True,True,True,True
492,True,False,False,True,False,False,False,False,True,True,True,True
493,True,False,False,True,False,False,False,False,True,True,True,True
494,True,False,False,True,False,False,False,False,True,True,True,True
495,True,False,False,True,False,False,False,False,True,True,True,True
496,True,False,False,True,False,False,False,False,True,True,True,True
497,True,False,False,True,False,False,False,False,True,True,True,True
498,True,False,False,True,False,False,False,False,True,True,True,True
499,True,False,False,True,False,False,False,False,True,True,True,True
500,True,False,False,True,False,False,False,False,True,True,True,True
501,True,False,False,True,False,False,False,False,True,True,True,True
502,True,False,False,True,False,False,False,False,True,True,True,True
503,True,False,False,True,False,False,False,False,True,True,True,True
504,True,False,False,True,False,False,False,False,True,True,True,True
505,True,False,False,True,False,False,False,False,True,True,True,True
506,True,False,False,True,False,False,False,False,True,True,True,True
507,True,False,False,True,False,False,False,False,True,True,True,True
508,True,False,False,True,False,False,False,False,True,True,True,True
509,True,False,False,True,False,False,False,False,True,True,True,True
510,True,False,False,True,False,False,False,False,True,True,True,True
511,True,False,False,True,False,False,False,False,True,True,True,True
512,True,False,False,True,False,False,False,False,True,True,True,True
513,True,False,False,True,False,False,False,False,True,True,True,True
514,True,False,False,True,False,False,False,False,True,True,True,True
515,True,False,False,True,False,False,False,False,True,True,True,True
516,True,False,False,True,False,False,False,False,True,True,True,True
517,True,False,False,True,False,False,False,False,True,True,True,True
518,True,False,False,True,False,False,False,False,True,True,True,True
519,True,False,False,True,False,False,False,False,True,True,True,True
520,True,False,False,True,False,False,False,False,True,True,True,True
521,True,False,False,True,False,False,False,False,True,True,True,True
522,True,False,False,True,False,False,False,False,True,True,True,True
523,True,False,False,True,False,False,False,False,True,True,True,True
524,True,False,False,True,False,False,False,False,True,True,True,True
525,True,False,False,True,False,False,False,False,True,True,True,True
526,True,False,False,True,False,False,False,False,True,True,True,True
527,True,False,False,True,False,False,False,False,True,True,True,True
528,True,False,False,True,False,False,False,False,True,True,True,True
529,True,False,False,True,False,False,False,False,True,True,True,True
530,True,False,False,True,False,False,False,False,True,True,True,True
531,True,False,False,True,False,False,False,False,True,True,True,True
532,True,False,False,True,False,False,False,False,True,True,True,True
533,True,False,False,True,False,False,False,False,True,True,True,True
534,True,False,False,True,False,False,False,False,True,True,True,True
535,True,False,False,True,False,False,False,False,True,True,True,True
536,True,False,False,True,False,False,False,False,True,True,True,True
537,True,False,False,True,False,False,False,False,True,True,True,True
538,True,False,False,True,False,False,False,False,True,True,True,True
539,True,False,False,True,False,False,False,False,True,True,True,True
540,True,False,False,True,False,False,False,False,True,True,True,True
541,True,False,False,True,False,False,False,False,True,True,True,True
542,True,False,False,True,False,False,False,False,True,True,True,True
543,True,False,False,True,False,False,False,False,True,True,True,True
544,True,False,False,True,False,False,False,False,True,True,True,True
545,True,False,False,True,False,False,False,False,True,True,True,True
546,True,False,False,True,False,False,False,False,True,True,True,True
547,True,False,False,True,False,False,False,False,True,True,True,True
548,True,False,False,True,False,False,False,False,True,True,True,True
549,True,False,False,True,False,False,False,False,True,True,True,True
550,True,False,False,True,False,False,False,False,True,True,True,True
551,True,False,False,True,False,False,False,False,True,True,True,True
552,True,False,False,True,False,False,False,False,True,True,True,True
553,True,False,False,True,False,False,False,False,True,True,True,True
554,True,False,False,True,False,False,False,False,True,True,True,True
555,True,False,False,True,False,False,False,False,True,True,True,True
556,True,False,False,True,False,False,False,False,True,True,True,True
557,True,False,False,True,False,False,False,False,True,True,True,True
558,True,False,False,True,False,False,False,False,True,True,True,True
559,True,False,False,True,False,False,False,False,True,True,True,True
560,True,False,False,True,False,False,False,False,True,True,True,True
561,True,False,False,True,False,False,False,False,True,True,True,True
562,True,False,False,True,False,False,False,False,True,True,True,True
563,True,False,False,True,False,False,False,False,True,True,True,True
564,True,False,False,True,False,False,False,False,True,True,True,True
565,True,False,False,True,False,False,False,False,True,True,True,True
566,True,False,False,True,False,False,False,False,True,True,True,True
567,True,False,False,True,False,False,False,False,True,True,True,True
568,True,False,False,True,False,False,False,False,True,True,True,True
569,True,False,False,True,False,False,False,False,True,True,True,True
570,True,False,False,True,False,False,False,False,True,True,True,True
571,True,False,False,True,False,False,False,False,True,True,True,True
572,True,False,False,True,False,False,False,False,True,True,True,True
573,True,False,False,True,False,False,False,False,True,True,True,True
574,True,False,False,True,False,False,False,False,True,True,True,True
575,True,False,False,True,False,False,False,False,True,True,True,True
576,True,False,False,True,False,False,False,False,True,True,True,True
577,True,False,False,True,False,False,False,False,True,True,True,True
578,True,False,False,True,False,False,False,False,True,True,True,True
579,True,False,False,True,False,False,False,False,True,True,True,True
580,True,False,False,True,False,False,False,False,True,True,True,True
581,True,False,False,True,False,False,False,False,True,True,True,True
582,True,False,False,True,False,False,False,False,True,True,True,True
583,True,False,False,True,False,False,False,False,True,True,True,True
584,True,False,False,True,False,False,False,False,True,True,True,True
585,True,False,False,True,False,False,False,False,True,True,True,True
586,True,False,False,True,False,False,False,False,True,True,True,True
587,True,False,False,True,False,False,False,False,True,True,True,True
588,True,False,False,True,False,False,False,False,True,True,True,True
589,True,False,False,True,False,False,False,False,True,True,True,True
590,True,False,False,True,False,False,False,False,True,True,True,True
591,True,False,False,True,False,False,False,False,True,True,True,True
592,True,False,False,True,False,False,False,False,True,True,True,True
593,True,False,False,True,False,False,False,False,True,True,True,True
594,True,False,False,True,False,False,False,False,True,True,True,True
595,True,False,False,True,False,False,False,False,True,True,True,True
596,True,False,False,True,False,False,False,False,True,True,True,True
597,True,False,False,True,False,False,False,False,True,True,True,True
598,True,False,False,True,False,False,False,False,True,True,True,True
599,True,False,False,True,False,False,False,False,True,True,True,True
600,True,False,False,True,False,False,False,False,True,True,True,True
601,True,False,False,True,False,False,False,False,True,True,True,True
602,True,False,False,True,False,False,False,False,True,True,True,True
603,True,False,False,True,False,False,False,False,True,True,True,True
604,True,False,False,True,False,False,False,False,True,True,True,True
605,True,False,False,True,False,False,False,False,True,True,True,True
606,True,False,False,True,False,False,False,False,True,True,True,True
607,True,False,False,True,False,False,False,False,True,True,True,True
608,True,False,False,True,False,False,False,False,True,True,True,True
609,True,False,False,True,False,False,False,False,True,True,True,True
610,True,False,False,True,False,False,False,False,True,True,True,True
611,True,False,False,True,False,False,False,False,True,True,True,True
612,True,False,False,True,False,False,False,False,True,True,True,True
613,True,False,False,True,False,False,False,False,True,True,True,True
614,True,False,False,True,False,False,False,False,True,True,True,True
615,True,False,False,True,False,False,False,False,True,True,True,True
616,True,False,False,True,False,False,False,False,True,True,True,True
617,True,False,False,True,False,False,False,False,True,True,True,True
618,True,False,False,True,False,False,False,False,True,True,True,True
619,True,False,False,True,False,False,False,False,True,True,True,True
620,True,False,False,True,False,False,False,False,True,True,True,True
621,True,False,False,True,False,False,False,False,True,True,True,True
622,True,False,False,True,False,False,False,False,True,True,True,True
623,True,False,False,True,False,False,False,False,True,True,True,True
624,True,False,False,True,False,False,False,False,True,True,True,True
625,True,False,False,True,False,False,False,False,True,True,True,True
626,True,False,False,True,False,False,False,False,True,True,True,True
627,True,False,False,True,False,False,False,False,True,True,True,True
628,True,False,False,True,False,False,False,False,True,True,True,True
629,True,False,False,True,False,False,False,False,True,True,True,True
630,True,False,False,True,False,False,False,False,True,True,True,True
631,True,False,False,True,False,False,False,False,True,True,True,True
632,True,False,False,True,False,False,False,False,True,True,True,True
633,True,False,False,True,False,False,False,False,True,True,True,True
634,True,False,False,True,False,False,False,False,True,True,True,True
635,True,False,False,True,False,False,False,False,True,True,True,True
636,True,False,False,True,False,False,False,False,True,True,True,True
637,True,False,False,True,False,False,False,False,True,True,True,True
638,True,False,False,True,False,False,False,False,True,True,True,True
639,True,False,False,True,False,False,False,False,True,True,True,True
640,True,False,False,True,False,False,False,False,True,True,True,True
641,True,False,False,True,False,False,False,False,True,True,True,True
642,True,False,False,True,False,False,False,False,True,True,True,True
643,True,False,False,True,False,False,False,False,True,True,True,True
644,True,False,False,True,False,False,False,False,True,True,True,True
645,True,False,False,True,False,False,False,False,True,True,True,True
646,True,False,False,True,False,False,False,False,True,True,True,True
647,True,False,False,True,False,False,False,False,True,True,True,True
648,True,False,False,True,False,False,False,False,True,True,True,True
649,True,False,False,True,False,False,False,False,True,True,True,True
650,True,False,False,True,False,False,False,False,True,True,True,True
651,True,False,False,True,False,False,False,False,True,True,True,True
652,True,False,False,True,False,False,False,False,True,True,True,True
653,True,False,False,True,False,False,False,False,True,True,True,True
654,True,False,False,True,False,False,False,False,True,True,True,True
655,True,False,False,True,False,False,False,False,True,True,True,True
656,True,False,False,True,False,False,False,False,True,True,True,True
657,True,False,False,True,False,False,False,False,True,True,True,True
658,True,False,False,True,False,False,False,False,True,True,True,True
659,True,False,False,True,False,False,False,False,True,True,True,True
660,True,False,False,True,False,False,False,False,True,True,True,True
661,True,False,False,True,False,False,False,False,True,True,True,True
662,True,False,False,True,False,False,False,False,True,True,True,True
663,True,False,False,True,False,False,False,False,True,True,True,True
664,True,False,False,True,False,False,False,False,True,True,True,True
665,True,False,False,True,False,False,False,False,True,True,True,True
666,True,False,False,True,False,False,False,False,True,True,True,True
667,True,False,False,True,False,False,False,False,True,True,True,True
668,True,False,False,True,False,False,False,False,True,True,True,True
669,True,False,False,True,False,False,False,False,True,True,True,True
670,True,False,False,True,False,False,False,False,True,True,True,True
671,True,False,False,True,False,False,False,False,True,True,True,True
672,True,False,False,True,False,False,False,False,True,True,True,True
673,True,False,False,True,False,False,False,False,True,True,True,True
674,True,False,False,True,False,False,False,False,True,True,True,True
675,True,False,False,True,False,False,False,False,True,True,True,True
676,True,False,False,True,False,False,False,False,True,True,True,True
677,True,False,False,True,False,False,False,False,True,True,True,True
678,True,False,False,True,False,False,False,False,True,True,True,True
679,True,False,False,True,False,False,False,False,True,True,True,True
680,True,False,False,True,False,False,False,False,True,True,True,True
681,True,False,False,True,False,False,False,False,True,True,True,True
682,True,False,False,True,False,False,False,False,True,True,True,True
683,True,False,False,True,False,False,False,False,True,True,True,True
684,True,False,False,True,False,False,False,False,True,True,True,True
685,True,False,False,True,False,False,False,False,True,True,True,True
686,True,False,False,True,False,False,False,False,True,True,True,True
687,True,False,False,True,False,False,False,False,True,True,True,True
688,True,False,False,True,False,False,False,False,True,True,True,True
689,True,False,False,True,False,False,False,False,True,True,True,True
690,True,False,False,True,False,False,False,False,True,True,True,True
691,True,False,False,True,False,False,False,False,True,True,True,True
692,True,False,False,True,False,False,False,False,True,True,True,True
693,True,False,False,True,False,False,False,False,True,True,True,True
694,True,False,False,True,False,False,False,False,True,True,True,True
695,True,False,False,True,False,False,False,False,True,True,True,True
696,True,False,False,True,False,False,False,False,True,True,True,True
697,True,False,False,True,False,False,False,False,True,True,True,True
698,True,False,False,True,False,False,False,False,True,True,True,True
699,True,False,False,True,False,False,False,False,True,True,True,True
700,True,False,False,True,False,False,False,False,True,True,True,True
701,True,False,False,True,False,False,False,False,True,True,True,True
702,True,False,False,True,False,False,False,False,True,True,True,True
703,True,False,False,True,False,False,False,False,True,True,True,True
704,True,False,False,True,False,False,False,False,True,True,True,True
705,True,False,False,True,False,False,False,False,True,True,True,True
706,True,False,False,True,False,False,False,False,True,True,True,True
707,True,False,False,True,False,False,False,False,True,True,True,True
708,True,False,False,True,False,False,False,False,True,True,True,True
709,True,False,False,True,False,False,False,False,True,True,True,True
710,True,False,False,True,False,False,False,False,True,True,True,True
711,True,False,False,True,False,False,False,False,True,True,True,True
712,True,False,False,True,False,False,False,False,True,True,True,True
713,True,False,False,True,False,False,False,False,True,True,True,True
714,True,False,False,True,False,False,False,False,True,True,True,True
715,True,False,False,True,False,False,False,False,True,True,True,True
716,True,False,False,True,False,False,False,False,True,True,True,True
717,True,False,False,True,False,False,False,False,True,True,True,True
718,True,False,False,True,False,False,False,False,True,True,True,True
719,True,False,False,True,False,False,False,False,True,True,True,True
720,True,False,False,True,False,False,False,False,True,True,True,True
721,True,False,False,True,False,False,False,False,True,True,True,True
722,True,False,False,True,False,False,False,False,True,True,True,True
723,True,False,False,True,False,False,False,False,True,True,True,True
724,True,False,False,True,False,False,False,False,True,True,True,True
725,True,False,False,True,False,False,False,False,True,True,True,True
726,True,False,False,True,False,False,False,False,True,True,True,True
727,True,False,False,True,False,False,False,False,True,True,True,True
728,True,False,False,True,False,False,False,False,True,True,True,True
729,True,False,False,True,False,False,False,False,True,True,True,True
730,True,False,False,True,False,False,False,False,True,True,True,True
731,True,False,False,True,False,False,False,False,True,True,True,True
732,True,False,False,True,False,False,False,False,True,True,True,True
733,True,False,False,True,False,False,False,False,True,True,True,True
734,True,False,False,True,False,False,False,False,True,True,True,True
735,True,False,False,True,False,False,False,False,True,True,True,True
736,True,False,False,True,False,False,False,False,True,True,True,True
737,True,False,False,True,False,False,False,False,True,True,True,True
738,True,False,False,True,False,False,False,False,True,True,True,True
739,True,False,False,True,False,False,False,False,True,True,True,True
740,True,False,False,True,False,False,False,False,True,True,True,True
741,True,False,False,True,False,False,False,False,True,True,True,True
742,True,False,False,True,False,False,False,False,True,True,True,True
743,True,False,False,True,False,False,False,False,True,True,True,True
744,True,False,False,True,False,False,False,False,True,True,True,True
745,True,False,False,True,False,False,False,False,True,True,True,True
746,True,False,False,True,False,False,False,False,True,True,True,True
747,True,False,False,True,False,False,False,False,True,True,True,True
748,True,False,False,True,False,False,False,False,True,True,True,True
749,True,False,False,True,False,False,False,False,True,True,True,True
750,True,False,False,True,False,False,False,False,True,True,True,True
751,True,False,False,True,False,False,False,False,True,True,True,True
752,True,False,False,True,False,False,False,False,True,True,True,True
753,True,False,False,True,False,False,False,False,True,True,True,True
754,True,False,False,True,False,False,False,False,True,True,True,True
755,True,False,False,True,False,False,False,False,True,True,True,True
756,True,False,False,True,False,False,False,False,True,True,True,True
757,True,False,False,True,False,False,False,False,True,True,True,True
758,True,False,False,True,False,False,False,False,True,True,True,True
759,True,False,False,True,False,False,False,False,True,True,True,True
760,True,False,False,True,False,False,False,False,True,True,True,True
761,True,False,False,True,False,False,False,False,True,True,True,True
762,True,False,False,True,False,False,False,False,True,True,True,True
763,True,False,False,True,False,False,False,False,True,True,True,True
764,True,False,False,True,False,False,False,False,True,True,True,True
765,True,False,False,True,False,False,False,False,True,True,True,True
766,True,False,False,True,False,False,False,False,True,True,True,True
767,True,False,False,True,False,False,False,False,True,True,True,True
768,True,False,False,True,False,False,False,False,True,True,True,True
769,True,False,False,True,False,False,False,False,True,True,True,True
770,True,False,False,True,False,False,False,False,True,True,True,True
771,True,False,False,True,False,False,False,False,True,True,True,True
772,True,False,False,True,False,False,False,False,True,True,True,True
773,True,False,False,True,False,False,False,False,True,True,True,True
774,True,False,False,True,False,False,False,False,True,True,True,True
775,True,False,False,True,False,False,False,False,True,True,True,True
776,True,False,False,True,False,False,False,False,True,True,True,True
777,True,False,False,True,False,False,False,False,True,True,True,True
778,True,False,False,True,False,False,False,False,True,True,True,True
779,True,False,False,True,False,False,False,False,True,True,True,True
780,True,False,False,True,False,False,False,False,True,True,True,True
781,True,False,False,True,False,False,False,False,True,True,True,True
782,True,False,False,True,False,False,False,False,True,True,True,True
783,True,False,False,True,False,False,False,False,True,True,True,True
784,True,False,False,True,False,False,False,False,True,True,True,True
785,True,False,False,True,False,False,False,False,True,True,True,True
786,True,False,False,True,False,False,False,False,True,True,True,True
787,True,False,False,True,False,False,False,False,True,True,True,True
788,True,False,False,True,False,False,False,False,True,True,True,True
789,True,False,False,True,False,False,False,False,True,True,True,True
790,True,False,False,True,False,False,False,False,True,True,True,True
791,True,False,False,True,False,False,False,False,True,True,True,True
792,True,False,False,True,False,False,False,False,True,True,True,True
793,True,False,False,True,False,False,False,False,True,True,True,True
794,True,False,False,True,False,False,False,False,True,True,True,True
795,True,False,False,True,False,False,False,False,True,True,True,True
796,True,False,False,True,False,False,False,False,True,True,True,True
797,True,False,False,True,False,False,False,False,True,True,True,True
798,True,False,False,True,False,False,False,False,True,True,True,True
799,True,False,False,True,False,False,False,False,True,True,True,True
800,True,False,False,True,False,False,False,False,True,True,True,True
