0,-,-,False,-,False,False,False,False,-,-,-,-
1,-,-,False,-,False,False,False,False,-,-,-,-
2,-,-,False,-,False,False,False,False,-,-,-,-
3,-,-,False,-,False,False,False,False,-,-,-,-
4,-,-,False,-,False,False,False,False,-,-,-,-
5,-,-,False,-,False,False,False,False,-,-,-,-
6,-,-,False,-,False,False,False,False,-,-,-,-
7,-,-,False,-,False,False,False,False,-,-,-,-
8,-,-,False,-,False,False,False,False,-,-,-,-
9,-,-,False,-,False,False,False,False,-,-,-,-
10,-,-,False,-,False,False,False,False,-,-,-,-
11,-,-,False,-,False,False,False,False,-,-,-,-
12,-,-,False,-,False,False,False,False,-,-,-,-
13,-,-,False,-,False,False,False,False,-,-,-,-
14,-,-,True,-,False,True,False,False,-,-,-,-
15,-,-,True,-,False,True,False,False,-,-,-,-
16,-,-,True,-,False,True,False,False,-,-,-,-
17,-,-,True,-,False,True,False,False,-,-,-,-
18,-,-,True,-,False,True,False,False,-,-,-,-
19,-,-,True,-,False,True,False,False,-,-,-,-
20,-,-,True,-,False,True,False,False,-,-,-,-
21,-,-,True,-,False,True,False,False,-,-,-,-
22,-,-,True,-,False,False,False,False,-,-,-,-
23,-,-,False,-,False,False,False,False,-,-,-,-
24,-,-,False,-,False,False,False,False,-,-,-,-
25,-,-,False,-,False,False,False,False,-,-,-,-
26,-,-,False,-,False,False,False,False,-,-,-,-
27,-,-,False,-,False,False,False,False,-,-,-,-
28,-,-,False,-,False,False,False,False,-,-,-,-
29,-,-,False,-,False,False,False,False,-,-,-,-
30,-,-,False,-,False,False,False,False,-,-,-,-
31,-,-,False,-,False,False,False,False,-,-,-,-
32,-,-,False,-,False,False,False,False,-,-,-,-
33,-,-,False,-,False,False,False,False,-,-,-,-
34,-,-,False,-,False,False,False,False,-,-,-,-
35,-,-,False,-,False,False,False,False,-,-,-,-
36,-,-,False,-,False,False,False,False,-,-,-,-
37,-,-,False,-,False,False,False,False,-,-,-,-
38,-,-,False,-,False,False,False,False,-,-,-,-
39,-,-,False,-,False,False,False,False,-,-,-,-
40,-,-,False,-,False,False,False,False,-,-,-,-
41,-,-,False,-,False,False,False,False,-,-,-,-
42,-,-,False,-,False,False,False,False,-,-,-,-
43,-,-,False,-,False,False,False,False,-,-,-,-
44,-,-,False,-,True,False,True,False,-,-,-,-
45,-,-,False,-,True,False,True,False,-,-,-,-
46,-,-,False,-,True,False,True,False,-,-,-,-
47,-,-,False,-,True,False,True,False,-,-,-,-
48,-,-,False,-,True,False,True,False,-,-,-,-
49,-,-,False,-,True,False,True,False,-,-,-,-
50,-,-,False,-,True,False,False,False,-,-,-,-
51,-,-,False,-,True,False,True,False,-,-,-,-
52,-,-,False,-,True,False,False,False,-,-,-,-
53,-,-,False,-,True,False,False,False,-,-,-,-
54,-,-,False,-,True,False,False,False,-,-,-,-
55,-,-,False,-,True,False,False,False,-,-,-,-
56,-,-,False,-,True,False,False,False,-,-,-,-
57,-,-,False,-,True,False,False,False,-,-,-,-
58,-,-,False,-,False,False,False,False,-,-,-,-
59,-,-,False,-,True,False,False,False,-,-,-,-
60,-,-,False,-,False,False,False,False,-,-,-,-
61,-,-,False,-,True,False,False,False,-,-,-,-
62,-,-,False,-,False,False,False,False,-,-,-,-
63,-,-,False,-,True,False,False,False,-,-,-,-
64,-,-,False,-,False,False,False,False,-,-,-,-
65,-,-,False,-,True,False,False,False,-,-,-,-
66,-,-,False,-,False,False,False,False,-,-,-,-
67,-,-,False,-,True,False,False,False,-,-,-,-
68,-,-,False,-,False,False,False,False,-,-,-,-
69,-,-,False,-,True,False,False,False,-,-,-,-
70,-,-,False,-,False,False,False,False,-,-,-,-
71,-,-,False,-,True,False,False,False,-,-,-,-
72,-,-,False,-,False,False,False,False,-,-,-,-
73,-,-,False,-,True,False,False,False,-,-,-,-
74,-,-,False,-,False,False,False,False,-,-,-,-
75,-,-,False,-,True,False,False,False,-,-,-,-
76,-,-,False,-,False,False,False,False,-,-,-,-
77,-,-,False,-,True,False,False,False,-,-,-,-
78,-,-,False,-,False,False,False,False,-,-,-,-
79,-,-,False,-,True,False,False,False,-,-,-,-
80,-,-,False,-,False,False,False,False,-,-,-,-
81,-,-,False,-,True,False,False,False,-,-,-,-
82,-,-,False,-,False,False,False,False,-,-,-,-
83,-,-,False,-,True,False,False,False,-,-,-,-
84,-,-,False,-,False,False,False,False,-,-,-,-
85,-,-,False,-,True,False,False,False,-,-,-,-
86,-,-,False,-,False,False,False,False,-,-,-,-
87,-,-,False,-,True,False,False,False,-,-,-,-
88,-,-,False,-,False,False,False,False,-,-,-,-
89,-,-,False,-,True,False,False,False,-,-,-,-
90,-,-,False,-,False,False,False,False,-,-,-,-
91,-,-,False,-,True,False,False,False,-,-,-,-
92,-,-,False,-,False,False,False,False,-,-,-,-
93,-,-,False,-,True,False,False,False,-,-,-,-
94,-,-,False,-,False,False,False,False,-,-,-,-
95,-,-,False,-,True,False,False,False,-,-,-,-
96,-,-,False,-,False,False,False,False,-,-,-,-
97,-,-,False,-,True,False,False,False,-,-,-,-
98,-,-,False,-,False,False,False,False,-,-,-,-
99,-,-,False,-,False,False,False,False,-,-,-,-
100,-,-,False,-,False,False,False,False,-,-,-,-
101,-,-,False,-,False,False,False,False,-,-,-,-
102,-,-,False,-,False,False,False,False,-,-,-,-
103,-,-,False,-,False,False,False,False,-,-,-,-
104,-,-,False,-,False,False,False,False,-,-,-,-
105,-,-,False,-,False,False,False,False,-,-,-,-
106,-,-,False,-,False,False,False,False,-,-,-,-
107,-,-,False,-,False,False,False,False,-,-,-,-
108,-,-,False,-,False,False,False,False,-,-,-,-
109,-,-,False,-,True,False,False,False,-,-,-,-
110,-,-,False,-,False,False,False,False,-,-,-,-
111,-,-,False,-,False,False,False,False,-,-,-,-
112,-,-,False,-,False,False,False,False,-,-,-,-
113,-,-,False,-,False,False,False,False,-,-,-,-
114,-,-,False,-,False,False,False,False,-,-,-,-
115,-,-,False,-,False,False,False,False,-,-,-,-
116,-,-,False,-,False,False,False,False,-,-,-,-
117,-,-,False,-,False,False,False,False,-,-,-,-
118,-,-,False,-,False,False,False,False,-,-,-,-
119,-,-,False,-,False,False,False,False,-,-,-,-
120,-,-,False,-,False,False,False,False,-,-,-,-
121,-,-,False,-,False,False,False,False,-,-,-,-
122,-,-,False,-,False,False,False,False,-,-,-,-
123,-,-,False,-,False,False,False,False,-,-,-,-
124,-,-,False,-,False,False,False,False,-,-,-,-
125,-,-,False,-,False,False,False,False,-,-,-,-
126,-,-,False,-,False,False,False,False,-,-,-,-
127,-,-,False,-,False,False,False,False,-,-,-,-
128,-,-,False,-,False,False,False,False,-,-,-,-
129,-,-,False,-,False,False,False,False,-,-,-,-
130,-,-,False,-,False,False,False,False,-,-,-,-
131,-,-,False,-,False,False,False,False,-,-,-,-
132,-,-,False,-,False,False,False,False,-,-,-,-
133,-,-,False,-,False,False,False,False,-,-,-,-
134,-,-,False,-,False,False,False,False,-,-,-,-
135,-,-,False,-,False,False,False,False,-,-,-,-
136,-,-,False,-,False,False,False,False,-,-,-,-
137,-,-,False,-,False,False,False,False,-,-,-,-
138,-,-,False,-,False,False,False,False,-,-,-,-
139,-,-,False,-,False,False,False,False,-,-,-,-
140,-,-,False,-,False,False,False,False,-,-,-,-
141,-,-,False,-,False,False,False,False,-,-,-,-
142,-,-,False,-,False,False,False,False,-,-,-,-
143,-,-,False,-,False,False,False,False,-,-,-,-
144,-,-,False,-,False,False,False,False,-,-,-,-
145,-,-,False,-,False,False,False,False,-,-,-,-
146,-,-,False,-,False,False,False,False,-,-,-,-
147,-,-,False,-,False,False,False,False,-,-,-,-
148,-,-,False,-,False,False,False,False,-,-,-,-
149,-,-,False,-,False,False,False,False,-,-,-,-
150,-,-,False,-,False,False,False,False,-,-,-,-
151,-,-,False,-,False,False,False,False,-,-,-,-
152,-,-,False,-,False,False,False,False,-,-,-,-
153,-,-,False,-,False,False,False,False,-,-,-,-
154,-,-,False,-,True,False,False,False,-,-,-,-
155,-,-,False,-,True,False,False,False,-,-,-,-
156,-,-,False,-,True,False,False,False,-,-,-,-
157,-,-,False,-,True,False,False,False,-,-,-,-
158,-,-,False,-,False,False,False,False,-,-,-,-
159,-,-,False,-,True,False,False,False,-,-,-,-
160,-,-,False,-,True,False,False,False,-,-,-,-
161,-,-,False,-,True,False,False,False,-,-,-,-
162,-,-,False,-,True,False,False,False,-,-,-,-
163,-,-,False,-,True,False,False,False,-,-,-,-
164,-,-,False,-,True,False,False,False,-,-,-,-
165,-,-,False,-,True,False,False,False,-,-,-,-
166,-,-,False,-,True,False,False,False,-,-,-,-
167,-,-,False,-,True,False,False,False,-,-,-,-
168,-,-,False,-,True,False,False,False,-,-,-,-
169,-,-,False,-,True,False,False,False,-,-,-,-
170,-,-,False,-,True,False,False,False,-,-,-,-
171,-,-,False,-,True,False,False,False,-,-,-,-
172,-,-,False,-,True,False,False,False,-,-,-,-
173,-,-,False,-,True,False,False,False,-,-,-,-
174,-,-,False,-,True,False,False,False,-,-,-,-
175,-,-,False,-,True,False,False,False,-,-,-,-
176,-,-,False,-,True,False,False,False,-,-,-,-
177,-,-,False,-,True,False,False,False,-,-,-,-
178,-,-,False,-,True,False,False,False,-,-,-,-
179,-,-,False,-,True,False,False,False,-,-,-,-
180,-,-,False,-,True,False,False,False,-,-,-,-
181,-,-,False,-,True,False,False,False,-,-,-,-
182,-,-,False,-,True,False,False,False,-,-,-,-
183,-,-,False,-,True,False,False,False,-,-,-,-
184,-,-,False,-,True,False,False,False,-,-,-,-
185,-,-,False,-,True,False,False,False,-,-,-,-
186,-,-,False,-,False,False,False,False,-,-,-,-
187,-,-,False,-,True,False,False,False,-,-,-,-
188,-,-,False,-,True,False,False,False,-,-,-,-
189,-,-,False,-,True,False,False,False,-,-,-,-
190,-,-,False,-,True,False,False,False,-,-,-,-
191,-,-,False,-,True,False,False,False,-,-,-,-
192,-,-,False,-,True,False,False,False,-,-,-,-
193,-,-,False,-,True,False,False,False,-,-,-,-
194,-,-,False,-,False,False,False,False,-,-,-,-
195,-,-,False,-,True,False,False,False,-,-,-,-
196,-,-,False,-,True,False,False,False,-,-,-,-
197,-,-,False,-,True,False,False,False,-,-,-,-
198,-,-,False,-,True,False,False,False,-,-,-,-
199,-,-,False,-,True,False,False,False,-,-,-,-
200,-,-,False,-,True,False,False,False,-,-,-,-
201,-,-,False,-,True,False,False,False,-,-,-,-
202,-,-,False,-,True,False,False,False,-,-,-,-
203,-,-,False,-,True,False,False,False,-,-,-,-
204,-,-,False,-,True,False,False,False,-,-,-,-
205,-,-,False,-,True,False,False,False,-,-,-,-
206,-,-,False,-,True,False,False,False,-,-,-,-
207,-,-,False,-,True,False,False,False,-,-,-,-
208,-,-,False,-,True,False,False,False,-,-,-,-
209,-,-,False,-,True,False,False,False,-,-,-,-
210,-,-,False,-,True,False,False,False,-,-,-,-
211,-,-,False,-,True,False,False,False,-,-,-,-
212,-,-,False,-,True,False,False,False,-,-,-,-
213,-,-,False,-,True,False,False,False,-,-,-,-
214,-,-,False,-,True,False,False,False,-,-,-,-
215,-,-,False,-,True,False,False,False,-,-,-,-
216,-,-,False,-,True,False,False,False,-,-,-,-
217,-,-,False,-,True,False,False,False,-,-,-,-
218,-,-,False,-,True,False,False,False,-,-,-,-
219,-,-,False,-,True,False,False,False,-,-,-,-
220,-,-,False,-,True,False,False,False,-,-,-,-
221,-,-,False,-,True,False,False,False,-,-,-,-
222,-,-,False,-,True,False,False,False,-,-,-,-
223,-,-,False,-,True,False,False,False,-,-,-,-
224,-,-,False,-,True,False,False,False,-,-,-,-
225,-,-,False,-,True,False,False,False,-,-,-,-
226,-,-,False,-,True,False,False,False,-,-,-,-
227,-,-,False,-,True,False,False,False,-,-,-,-
228,-,-,False,-,True,False,False,False,-,-,-,-
229,-,-,False,-,True,False,False,False,-,-,-,-
230,-,-,False,-,True,False,False,False,-,-,-,-
231,-,-,False,-,True,False,False,False,-,-,-,-
232,-,-,False,-,True,False,False,False,-,-,-,-
233,-,-,False,-,True,False,False,False,-,-,-,-
234,-,-,False,-,True,False,False,False,-,-,-,-
235,-,-,False,-,True,False,False,False,-,-,-,-
236,-,-,False,-,True,False,False,False,-,-,-,-
237,-,-,False,-,True,False,False,False,-,-,-,-
238,-,-,False,-,True,False,False,False,-,-,-,-
239,-,-,False,-,True,False,False,False,-,-,-,-
240,-,-,False,-,True,False,False,False,-,-,-,-
241,-,-,False,-,True,False,False,False,-,-,-,-
242,-,-,False,-,True,False,False,False,-,-,-,-
243,-,-,False,-,True,False,False,False,-,-,-,-
244,-,-,False,-,True,False,False,False,-,-,-,-
245,-,-,False,-,True,False,False,False,-,-,-,-
246,-,-,False,-,True,False,False,False,-,-,-,-
247,-,-,False,-,True,False,False,False,-,-,-,-
248,-,-,False,-,True,False,False,False,-,-,-,-
249,-,-,False,-,True,False,False,False,-,-,-,-
250,-,-,False,-,True,False,False,False,-,-,-,-
251,-,-,False,-,True,False,False,False,-,-,-,-
252,-,-,False,-,True,False,False,False,-,-,-,-
253,-,-,False,-,True,False,False,False,-,-,-,-
254,-,-,False,-,True,False,False,False,-,-,-,-
255,-,-,False,-,True,False,False,False,-,-,-,-
256,-,-,False,-,True,False,False,False,-,-,-,-
257,-,-,False,-,True,False,False,False,-,-,-,-
258,-,-,False,-,True,False,False,False,-,-,-,-
259,-,-,False,-,True,False,False,False,-,-,-,-
260,-,-,False,-,True,False,False,False,-,-,-,-
261,-,-,False,-,True,False,False,False,-,-,-,-
262,-,-,False,-,True,False,False,False,-,-,-,-
263,-,-,False,-,True,False,False,False,-,-,-,-
264,-,-,False,-,True,False,False,False,-,-,-,-
265,-,-,False,-,True,False,False,False,-,-,-,-
266,-,-,False,-,True,False,False,False,-,-,-,-
267,-,-,False,-,True,False,False,False,-,-,-,-
268,-,-,False,-,True,False,False,False,-,-,-,-
269,-,-,False,-,True,False,False,False,-,-,-,-
270,-,-,False,-,True,False,False,False,-,-,-,-
271,-,-,False,-,True,False,False,False,-,-,-,-
272,-,-,False,-,True,False,False,True,-,-,-,-
273,-,-,False,-,True,False,False,False,-,-,-,-
274,-,-,False,-,True,False,False,False,-,-,-,-
275,-,-,False,-,True,False,False,False,-,-,-,-
276,-,-,False,-,True,False,False,False,-,-,-,-
277,-,-,False,-,True,False,False,False,-,-,-,-
278,-,-,False,-,True,False,False,False,-,-,-,-
279,-,-,False,-,True,False,False,False,-,-,-,-
280,-,-,False,-,True,False,False,True,-,-,-,-
281,-,-,False,-,True,False,False,False,-,-,-,-
282,-,-,False,-,True,False,False,False,-,-,-,-
283,-,-,False,-,True,False,False,False,-,-,-,-
284,-,-,False,-,True,False,False,False,-,-,-,-
285,-,-,False,-,True,False,False,False,-,-,-,-
286,-,-,False,-,True,False,False,False,-,-,-,-
287,-,-,False,-,True,False,False,False,-,-,-,-
288,-,-,False,-,True,False,False,False,-,-,-,-
289,-,-,False,-,True,False,False,False,-,-,-,-
290,-,-,False,-,True,False,False,False,-,-,-,-
291,-,-,False,-,True,False,False,False,-,-,-,-
292,-,-,False,-,True,False,False,False,-,-,-,-
293,-,-,False,-,True,False,False,False,-,-,-,-
294,-,-,False,-,True,False,False,True,-,-,-,-
295,-,-,False,-,True,False,False,False,-,-,-,-
296,-,-,False,-,True,False,False,False,-,-,-,-
297,-,-,False,-,True,False,False,False,-,-,-,-
298,-,-,False,-,True,False,False,False,-,-,-,-
299,-,-,False,-,True,False,False,False,-,-,-,-
300,-,-,False,-,True,False,False,True,-,-,-,-
301,-,-,False,-,True,False,False,False,-,-,-,-
302,-,-,False,-,True,False,False,False,-,-,-,-
303,-,-,False,-,True,False,False,False,-,-,-,-
304,-,-,False,-,True,False,False,False,-,-,-,-
305,-,-,False,-,True,False,False,False,-,-,-,-
306,-,-,False,-,True,False,False,False,-,-,-,-
307,-,-,False,-,True,False,False,False,-,-,-,-
308,-,-,False,-,True,False,False,False,-,-,-,-
309,-,-,False,-,True,False,False,False,-,-,-,-
310,-,-,False,-,True,False,False,False,-,-,-,-
311,-,-,False,-,True,False,False,False,-,-,-,-
312,-,-,False,-,True,False,False,False,-,-,-,-
313,-,-,False,-,True,False,False,False,-,-,-,-
314,-,-,False,-,True,False,False,False,-,-,-,-
315,-,-,False,-,True,False,False,False,-,-,-,-
316,-,-,False,-,True,False,False,False,-,-,-,-
317,-,-,False,-,False,False,False,False,-,-,-,-
318,-,-,False,-,True,False,False,True,-,-,-,-
319,-,-,False,-,False,False,False,False,-,-,-,-
320,-,-,False,-,True,False,False,True,-,-,-,-
321,-,-,False,-,False,False,False,False,-,-,-,-
322,-,-,False,-,True,False,False,True,-,-,-,-
323,-,-,False,-,False,False,False,False,-,-,-,-
324,-,-,False,-,True,False,False,True,-,-,-,-
325,-,-,False,-,False,False,False,False,-,-,-,-
326,-,-,False,-,True,False,False,False,-,-,-,-
327,-,-,False,-,True,False,False,False,-,-,-,-
328,-,-,False,-,True,False,False,False,-,-,-,-
329,-,-,False,-,True,False,False,False,-,-,-,-
330,-,-,False,-,False,False,False,False,-,-,-,-
331,-,-,False,-,False,False,False,False,-,-,-,-
332,-,-,False,-,True,False,False,False,-,-,-,-
333,-,-,False,-,False,False,False,False,-,-,-,-
334,-,-,False,-,True,False,False,False,-,-,-,-
335,-,-,False,-,False,False,False,False,-,-,-,-
336,-,-,False,-,False,False,False,False,-,-,-,-
337,-,-,False,-,False,False,False,False,-,-,-,-
338,-,-,False,-,True,False,False,True,-,-,-,-
339,-,-,False,-,False,False,False,False,-,-,-,-
340,-,-,False,-,True,False,False,True,-,-,-,-
341,-,-,False,-,False,False,False,False,-,-,-,-
342,-,-,False,-,False,False,False,False,-,-,-,-
343,-,-,False,-,False,False,False,False,-,-,-,-
344,-,-,False,-,True,False,False,False,-,-,-,-
345,-,-,False,-,False,False,True,False,-,-,-,-
346,-,-,False,-,True,False,False,True,-,-,-,-
347,-,-,False,-,False,False,True,False,-,-,-,-
348,-,-,False,-,True,False,False,True,-,-,-,-
349,-,-,False,-,False,False,True,False,-,-,-,-
350,-,-,False,-,True,False,False,True,-,-,-,-
351,-,-,False,-,False,False,True,False,-,-,-,-
352,-,-,False,-,False,False,False,False,-,-,-,-
353,-,-,False,-,False,False,True,False,-,-,-,-
354,-,-,False,-,True,False,False,False,-,-,-,-
355,-,-,False,-,False,False,True,False,-,-,-,-
356,-,-,False,-,False,False,False,False,-,-,-,-
357,-,-,False,-,False,False,True,False,-,-,-,-
358,-,-,False,-,True,False,False,True,-,-,-,-
359,-,-,False,-,False,False,True,False,-,-,-,-
360,-,-,False,-,True,False,False,True,-,-,-,-
361,-,-,False,-,False,False,True,False,-,-,-,-
362,-,-,False,-,False,False,False,False,-,-,-,-
363,-,-,False,-,False,False,True,False,-,-,-,-
364,-,-,False,-,False,False,True,False,-,-,-,-
365,-,-,False,-,False,False,True,False,-,-,-,-
366,-,-,False,-,False,False,False,True,-,-,-,-
367,-,-,False,-,False,False,True,False,-,-,-,-
368,-,-,False,-,True,False,False,False,-,-,-,-
369,-,-,False,-,False,False,True,False,-,-,-,-
370,-,-,False,-,False,False,False,False,-,-,-,-
371,-,-,False,-,False,False,True,False,-,-,-,-
372,-,-,False,-,False,False,False,False,-,-,-,-
373,-,-,False,-,False,False,True,False,-,-,-,-
374,-,-,False,-,False,False,True,False,-,-,-,-
375,-,-,False,-,False,False,True,False,-,-,-,-
376,-,-,False,-,True,False,False,True,-,-,-,-
377,-,-,False,-,False,False,True,False,-,-,-,-
378,-,-,False,-,True,False,False,False,-,-,-,-
379,-,-,False,-,False,False,True,False,-,-,-,-
380,-,-,False,-,False,False,False,True,-,-,-,-
381,-,-,False,-,False,False,True,False,-,-,-,-
382,-,-,False,-,True,False,False,True,-,-,-,-
383,-,-,False,-,False,False,True,False,-,-,-,-
384,-,-,False,-,True,False,True,False,-,-,-,-
385,-,-,False,-,False,False,True,False,-,-,-,-
386,-,-,False,-,False,False,True,False,-,-,-,-
387,-,-,False,-,False,False,True,False,-,-,-,-
388,-,-,False,-,False,False,True,False,-,-,-,-
389,-,-,False,-,False,False,True,False,-,-,-,-
390,-,-,False,-,False,False,True,False,-,-,-,-
391,-,-,False,-,False,False,True,False,-,-,-,-
392,-,-,False,-,True,False,False,False,-,-,-,-
393,-,-,False,-,False,False,True,False,-,-,-,-
394,-,-,False,-,False,False,True,False,-,-,-,-
395,-,-,False,-,False,False,True,False,-,-,-,-
396,-,-,False,-,False,False,False,False,-,-,-,-
397,-,-,False,-,False,False,True,False,-,-,-,-
398,-,-,False,-,True,False,False,True,-,-,-,-
399,-,-,False,-,False,False,True,False,-,-,-,-
400,-,-,False,-,True,False,True,False,-,-,-,-
401,-,-,False,-,False,False,True,False,-,-,-,-
402,-,-,False,-,True,False,False,False,-,-,-,-
403,-,-,False,-,False,False,True,False,-,-,-,-
404,-,-,False,-,False,False,False,False,-,-,-,-
405,-,-,False,-,False,False,True,False,-,-,-,-
406,-,-,False,-,False,False,True,False,-,-,-,-
407,-,-,False,-,False,False,True,False,-,-,-,-
408,-,-,False,-,False,False,True,False,-,-,-,-
409,-,-,False,-,False,False,True,False,-,-,-,-
410,-,-,False,-,True,False,False,False,-,-,-,-
411,-,-,False,-,False,False,True,False,-,-,-,-
412,-,-,False,-,True,False,False,False,-,-,-,-
413,-,-,False,-,False,False,True,False,-,-,-,-
414,-,-,False,-,False,False,True,False,-,-,-,-
415,-,-,False,-,False,False,True,False,-,-,-,-
416,-,-,False,-,False,False,True,False,-,-,-,-
417,-,-,False,-,False,False,True,False,-,-,-,-
418,-,-,False,-,False,False,True,False,-,-,-,-
419,-,-,False,-,False,False,True,False,-,-,-,-
420,-,-,False,-,False,False,True,False,-,-,-,-
421,-,-,False,-,False,False,True,False,-,-,-,-
422,-,-,False,-,False,False,True,False,-,-,-,-
423,-,-,False,-,False,False,True,False,-,-,-,-
424,-,-,False,-,False,False,False,False,-,-,-,-
425,-,-,False,-,False,False,True,False,-,-,-,-
426,-,-,False,-,False,False,True,False,-,-,-,-
427,-,-,False,-,False,False,True,False,-,-,-,-
428,-,-,False,-,False,False,True,False,-,-,-,-
429,-,-,False,-,False,False,True,False,-,-,-,-
430,-,-,False,-,True,False,True,False,-,-,-,-
431,-,-,False,-,False,False,True,False,-,-,-,-
432,-,-,False,-,False,False,True,False,-,-,-,-
433,-,-,False,-,False,False,True,False,-,-,-,-
434,-,-,False,-,False,False,False,False,-,-,-,-
435,-,-,False,-,False,False,True,False,-,-,-,-
436,-,-,False,-,True,False,False,False,-,-,-,-
437,-,-,False,-,False,False,True,False,-,-,-,-
438,-,-,False,-,False,False,False,False,-,-,-,-
439,-,-,False,-,False,False,True,False,-,-,-,-
440,-,-,False,-,True,False,False,False,-,-,-,-
441,-,-,False,-,False,False,True,False,-,-,-,-
442,-,-,False,-,False,False,True,False,-,-,-,-
443,-,-,False,-,False,False,True,False,-,-,-,-
444,-,-,False,-,False,False,True,False,-,-,-,-
445,-,-,False,-,False,False,True,False,-,-,-,-
446,-,-,False,-,True,False,True,False,-,-,-,-
447,-,-,False,-,False,False,True,False,-,-,-,-
448,-,-,False,-,True,False,True,False,-,-,-,-
449,-,-,False,-,False,False,True,False,-,-,-,-
450,-,-,False,-,False,False,False,False,-,-,-,-
451,-,-,False,-,False,False,True,False,-,-,-,-
452,-,-,False,-,True,False,True,False,-,-,-,-
453,-,-,False,-,False,False,True,False,-,-,-,-
454,-,-,False,-,True,False,False,True,-,-,-,-
455,-,-,False,-,False,False,True,False,-,-,-,-
456,-,-,False,-,True,False,False,False,-,-,-,-
457,-,-,False,-,False,False,True,False,-,-,-,-
458,-,-,False,-,False,False,False,False,-,-,-,-
459,-,-,False,-,False,False,True,False,-,-,-,-
460,-,-,False,-,True,False,False,False,-,-,-,-
461,-,-,False,-,False,False,True,False,-,-,-,-
462,-,-,False,-,False,False,True,False,-,-,-,-
463,-,-,False,-,False,False,True,False,-,-,-,-
464,-,-,False,-,False,False,False,False,-,-,-,-
465,-,-,False,-,False,False,True,False,-,-,-,-
466,-,-,False,-,False,False,False,False,-,-,-,-
467,-,-,False,-,False,False,True,False,-,-,-,-
468,-,-,False,-,True,False,True,False,-,-,-,-
469,-,-,False,-,False,False,True,False,-,-,-,-
470,-,-,False,-,False,False,True,False,-,-,-,-
471,-,-,False,-,False,False,True,False,-,-,-,-
472,-,-,False,-,False,False,True,False,-,-,-,-
473,-,-,False,-,False,False,True,False,-,-,-,-
474,-,-,False,-,False,False,False,False,-,-,-,-
475,-,-,False,-,False,False,True,False,-,-,-,-
476,-,-,False,-,False,False,False,False,-,-,-,-
477,-,-,False,-,False,False,True,False,-,-,-,-
478,-,-,False,-,True,False,False,False,-,-,-,-
479,-,-,False,-,False,False,True,False,-,-,-,-
480,-,-,False,-,True,False,True,False,-,-,-,-
481,-,-,False,-,False,False,True,False,-,-,-,-
482,-,-,False,-,True,False,True,False,-,-,-,-
483,-,-,False,-,False,False,True,False,-,-,-,-
484,-,-,False,-,True,False,False,False,-,-,-,-
485,-,-,False,-,False,False,True,False,-,-,-,-
486,-,-,False,-,True,False,True,False,-,-,-,-
487,-,-,False,-,False,False,True,False,-,-,-,-
488,-,-,False,-,False,False,True,False,-,-,-,-
489,-,-,False,-,False,False,True,False,-,-,-,-
490,-,-,False,-,False,False,True,False,-,-,-,-
491,-,-,False,-,False,False,True,False,-,-,-,-
492,-,-,False,-,False,False,True,False,-,-,-,-
493,-,-,False,-,False,False,True,False,-,-,-,-
494,-,-,False,-,False,False,True,False,-,-,-,-
495,-,-,False,-,False,False,True,False,-,-,-,-
496,-,-,False,-,True,False,False,False,-,-,-,-
497,-,-,False,-,False,False,True,False,-,-,-,-
498,-,-,False,-,True,False,False,False,-,-,-,-
499,-,-,False,-,False,False,True,False,-,-,-,-
500,-,-,False,-,False,False,False,False,-,-,-,-
501,-,-,False,-,False,False,True,False,-,-,-,-
502,-,-,False,-,True,False,False,True,-,-,-,-
503,-,-,False,-,False,False,True,False,-,-,-,-
504,-,-,False,-,True,False,True,False,-,-,-,-
505,-,-,False,-,False,False,True,False,-,-,-,-
506,-,-,False,-,False,False,True,False,-,-,-,-
507,-,-,False,-,False,False,True,False,-,-,-,-
508,-,-,False,-,True,False,False,False,-,-,-,-
509,-,-,False,-,False,False,True,False,-,-,-,-
510,-,-,False,-,False,False,False,False,-,-,-,-
511,-,-,False,-,False,False,True,False,-,-,-,-
512,-,-,False,-,True,False,False,False,-,-,-,-
513,-,-,False,-,False,False,True,False,-,-,-,-
514,-,-,False,-,False,False,True,False,-,-,-,-
515,-,-,False,-,False,False,True,False,-,-,-,-
516,-,-,False,-,True,False,True,False,-,-,-,-
517,-,-,False,-,False,False,True,False,-,-,-,-
518,-,-,False,-,False,False,True,False,-,-,-,-
519,-,-,False,-,False,False,True,False,-,-,-,-
520,-,-,False,-,False,False,True,False,-,-,-,-
521,-,-,False,-,False,False,True,False,-,-,-,-
522,-,-,False,-,True,False,True,False,-,-,-,-
523,-,-,False,-,False,False,True,False,-,-,-,-
524,-,-,False,-,False,False,True,False,-,-,-,-
525,-,-,False,-,False,False,True,False,-,-,-,-
526,-,-,False,-,False,False,True,False,-,-,-,-
527,-,-,False,-,False,False,True,False,-,-,-,-
528,-,-,False,-,False,False,False,False,-,-,-,-
529,-,-,False,-,False,False,True,False,-,-,-,-
530,-,-,False,-,True,False,False,False,-,-,-,-
531,-,-,False,-,False,False,True,False,-,-,-,-
532,-,-,False,-,False,False,True,False,-,-,-,-
533,-,-,False,-,False,False,True,False,-,-,-,-
534,-,-,False,-,True,False,True,False,-,-,-,-
535,-,-,False,-,False,False,True,False,-,-,-,-
536,-,-,False,-,False,False,True,False,-,-,-,-
537,-,-,False,-,False,False,True,False,-,-,-,-
538,-,-,False,-,False,False,True,False,-,-,-,-
539,-,-,False,-,False,False,True,False,-,-,-,-
540,-,-,False,-,False,False,True,False,-,-,-,-
541,-,-,False,-,False,False,True,False,-,-,-,-
542,-,-,False,-,False,False,True,False,-,-,-,-
543,-,-,False,-,False,False,True,False,-,-,-,-
544,-,-,False,-,False,False,True,False,-,-,-,-
545,-,-,False,-,False,False,True,False,-,-,-,-
546,-,-,False,-,False,False,True,False,-,-,-,-
547,-,-,False,-,False,False,True,False,-,-,-,-
548,-,-,False,-,False,False,True,False,-,-,-,-
549,-,-,False,-,False,False,True,False,-,-,-,-
550,-,-,False,-,False,False,True,False,-,-,-,-
551,-,-,False,-,False,False,True,False,-,-,-,-
552,-,-,False,-,False,False,True,False,-,-,-,-
553,-,-,False,-,False,False,True,False,-,-,-,-
554,-,-,False,-,False,False,True,False,-,-,-,-
555,-,-,False,-,False,False,True,False,-,-,-,-
556,-,-,False,-,True,False,False,False,-,-,-,-
557,-,-,False,-,False,False,True,False,-,-,-,-
558,-,-,False,-,False,False,False,False,-,-,-,-
559,-,-,False,-,False,False,True,False,-,-,-,-
560,-,-,False,-,False,False,True,False,-,-,-,-
561,-,-,False,-,False,False,True,False,-,-,-,-
562,-,-,False,-,False,False,True,False,-,-,-,-
563,-,-,False,-,False,False,True,False,-,-,-,-
564,-,-,False,-,False,False,True,False,-,-,-,-
565,-,-,False,-,False,False,True,False,-,-,-,-
566,-,-,False,-,True,False,False,False,-,-,-,-
567,-,-,False,-,False,False,True,False,-,-,-,-
568,-,-,False,-,True,False,False,False,-,-,-,-
569,-,-,False,-,False,False,True,False,-,-,-,-
570,-,-,False,-,True,False,False,False,-,-,-,-
571,-,-,False,-,False,False,True,False,-,-,-,-
572,-,-,False,-,False,False,False,False,-,-,-,-
573,-,-,False,-,False,False,True,False,-,-,-,-
574,-,-,False,-,True,False,True,False,-,-,-,-
575,-,-,False,-,False,False,True,False,-,-,-,-
576,-,-,False,-,False,False,True,False,-,-,-,-
577,-,-,False,-,False,False,True,False,-,-,-,-
578,-,-,False,-,True,False,False,False,-,-,-,-
579,-,-,False,-,False,False,True,False,-,-,-,-
580,-,-,False,-,True,False,False,False,-,-,-,-
581,-,-,False,-,False,False,True,False,-,-,-,-
582,-,-,False,-,False,False,True,False,-,-,-,-
583,-,-,False,-,False,False,True,False,-,-,-,-
584,-,-,False,-,False,False,True,False,-,-,-,-
585,-,-,False,-,False,False,True,False,-,-,-,-
586,-,-,True,-,False,False,True,False,-,-,-,-
587,-,-,True,-,False,False,True,False,-,-,-,-
588,-,-,True,-,False,False,True,False,-,-,-,-
589,-,-,True,-,False,False,True,False,-,-,-,-
590,-,-,False,-,True,False,True,False,-,-,-,-
591,-,-,True,-,False,False,True,False,-,-,-,-
592,-,-,False,-,False,False,True,False,-,-,-,-
593,-,-,True,-,False,False,True,False,-,-,-,-
594,-,-,False,-,False,False,False,False,-,-,-,-
595,-,-,True,-,False,False,True,False,-,-,-,-
596,-,-,False,-,False,False,False,False,-,-,-,-
597,-,-,True,-,False,False,True,False,-,-,-,-
598,-,-,False,-,False,False,False,False,-,-,-,-
599,-,-,True,-,False,False,True,False,-,-,-,-
600,-,-,True,-,False,False,True,False,-,-,-,-
601,-,-,True,-,False,False,True,False,-,-,-,-
602,-,-,True,-,False,False,False,False,-,-,-,-
603,-,-,True,-,False,False,True,False,-,-,-,-
604,-,-,False,-,True,False,False,True,-,-,-,-
605,-,-,True,-,False,False,True,False,-,-,-,-
606,-,-,False,-,True,False,True,False,-,-,-,-
607,-,-,True,-,False,False,True,False,-,-,-,-
608,-,-,False,-,False,False,False,False,-,-,-,-
609,-,-,True,-,False,False,True,False,-,-,-,-
610,-,-,False,-,True,False,True,False,-,-,-,-
611,-,-,True,-,False,False,True,False,-,-,-,-
612,-,-,True,-,False,False,True,False,-,-,-,-
613,-,-,True,-,False,False,True,False,-,-,-,-
614,-,-,False,-,True,False,True,False,-,-,-,-
615,-,-,True,-,False,False,True,False,-,-,-,-
616,-,-,False,-,False,False,False,False,-,-,-,-
617,-,-,True,-,False,False,True,False,-,-,-,-
618,-,-,False,-,False,False,True,False,-,-,-,-
619,-,-,True,-,False,False,True,False,-,-,-,-
620,-,-,False,-,False,False,True,False,-,-,-,-
621,-,-,True,-,False,False,True,False,-,-,-,-
622,-,-,False,-,False,False,True,False,-,-,-,-
623,-,-,True,-,False,False,True,False,-,-,-,-
624,-,-,False,-,False,False,True,False,-,-,-,-
625,-,-,True,-,False,False,True,False,-,-,-,-
626,-,-,False,-,False,False,True,False,-,-,-,-
627,-,-,True,-,False,False,True,False,-,-,-,-
628,-,-,False,-,False,False,True,False,-,-,-,-
629,-,-,True,-,False,False,True,False,-,-,-,-
630,-,-,True,-,False,False,True,False,-,-,-,-
631,-,-,True,-,False,False,True,False,-,-,-,-
632,-,-,False,-,False,False,True,False,-,-,-,-
633,-,-,True,-,False,False,True,False,-,-,-,-
634,-,-,True,-,False,False,True,False,-,-,-,-
635,-,-,True,-,False,False,True,False,-,-,-,-
636,-,-,True,-,False,False,False,False,-,-,-,-
637,-,-,True,-,False,False,True,False,-,-,-,-
638,-,-,True,-,False,False,False,False,-,-,-,-
639,-,-,True,-,False,False,True,False,-,-,-,-
640,-,-,True,-,False,False,False,False,-,-,-,-
641,-,-,True,-,False,False,True,False,-,-,-,-
642,-,-,True,-,False,False,True,False,-,-,-,-
643,-,-,True,-,False,False,True,False,-,-,-,-
644,-,-,True,-,False,False,True,False,-,-,-,-
645,-,-,True,-,False,False,True,False,-,-,-,-
646,-,-,True,-,False,False,False,True,-,-,-,-
647,-,-,True,-,False,False,True,False,-,-,-,-
648,-,-,False,-,True,False,False,True,-,-,-,-
649,-,-,True,-,False,False,True,False,-,-,-,-
650,-,-,True,-,False,False,False,False,-,-,-,-
651,-,-,True,-,False,False,True,False,-,-,-,-
652,-,-,True,-,False,False,False,True,-,-,-,-
653,-,-,True,-,False,False,True,False,-,-,-,-
654,-,-,True,-,False,False,True,False,-,-,-,-
655,-,-,True,-,False,False,True,False,-,-,-,-
656,-,-,True,-,False,False,True,False,-,-,-,-
657,-,-,True,-,False,False,True,False,-,-,-,-
658,-,-,True,-,False,False,True,False,-,-,-,-
659,-,-,True,-,False,False,True,False,-,-,-,-
660,-,-,True,-,False,False,True,False,-,-,-,-
661,-,-,True,-,False,False,True,False,-,-,-,-
662,-,-,True,-,False,False,True,False,-,-,-,-
663,-,-,True,-,False,False,True,False,-,-,-,-
664,-,-,False,-,True,False,True,False,-,-,-,-
665,-,-,True,-,False,False,True,False,-,-,-,-
666,-,-,True,-,False,False,False,False,-,-,-,-
667,-,-,True,-,False,False,True,False,-,-,-,-
668,-,-,False,-,True,False,True,False,-,-,-,-
669,-,-,True,-,False,False,True,False,-,-,-,-
670,-,-,True,-,False,False,True,False,-,-,-,-
671,-,-,True,-,False,False,True,False,-,-,-,-
672,-,-,True,-,False,False,True,False,-,-,-,-
673,-,-,True,-,False,False,True,False,-,-,-,-
674,-,-,True,-,False,False,True,False,-,-,-,-
675,-,-,True,-,False,False,True,False,-,-,-,-
676,-,-,True,-,False,False,True,False,-,-,-,-
677,-,-,True,-,False,False,True,False,-,-,-,-
678,-,-,True,-,False,False,True,False,-,-,-,-
679,-,-,True,-,False,False,True,False,-,-,-,-
680,-,-,True,-,False,False,False,False,-,-,-,-
681,-,-,True,-,False,False,True,False,-,-,-,-
682,-,-,False,-,True,False,True,False,-,-,-,-
683,-,-,True,-,False,False,True,False,-,-,-,-
684,-,-,True,-,False,False,True,False,-,-,-,-
685,-,-,True,-,False,False,True,False,-,-,-,-
686,-,-,False,-,True,False,False,False,-,-,-,-
687,-,-,True,-,False,False,True,False,-,-,-,-
688,-,-,False,-,False,False,False,False,-,-,-,-
689,-,-,True,-,False,False,True,False,-,-,-,-
690,-,-,False,-,True,False,True,False,-,-,-,-
691,-,-,True,-,False,False,True,False,-,-,-,-
692,-,-,False,-,True,False,False,True,-,-,-,-
693,-,-,True,-,False,False,True,False,-,-,-,-
694,-,-,False,-,True,False,False,False,-,-,-,-
695,-,-,True,-,False,False,True,False,-,-,-,-
696,-,-,False,-,True,False,True,False,-,-,-,-
697,-,-,True,-,False,False,True,False,-,-,-,-
698,-,-,True,-,False,False,True,False,-,-,-,-
699,-,-,True,-,False,False,True,False,-,-,-,-
700,-,-,False,-,False,False,True,False,-,-,-,-
701,-,-,True,-,False,False,True,False,-,-,-,-
702,-,-,False,-,True,False,False,False,-,-,-,-
703,-,-,True,-,False,False,True,False,-,-,-,-
704,-,-,True,-,False,False,True,False,-,-,-,-
705,-,-,True,-,False,False,True,False,-,-,-,-
706,-,-,True,-,False,False,True,False,-,-,-,-
707,-,-,True,-,False,False,True,False,-,-,-,-
708,-,-,True,-,False,False,False,False,-,-,-,-
709,-,-,True,-,False,False,True,False,-,-,-,-
710,-,-,False,-,True,False,True,False,-,-,-,-
711,-,-,True,-,False,False,True,False,-,-,-,-
712,-,-,True,-,False,False,True,False,-,-,-,-
713,-,-,True,-,False,False,True,False,-,-,-,-
714,-,-,True,-,False,False,True,False,-,-,-,-
715,-,-,True,-,False,False,True,False,-,-,-,-
716,-,-,True,-,False,False,False,False,-,-,-,-
717,-,-,True,-,False,False,True,False,-,-,-,-
718,-,-,False,-,True,False,False,False,-,-,-,-
719,-,-,True,-,False,False,True,False,-,-,-,-
720,-,-,True,-,True,False,False,False,-,-,-,-
721,-,-,True,-,False,False,True,False,-,-,-,-
722,-,-,True,-,False,False,False,False,-,-,-,-
723,-,-,True,-,False,False,True,False,-,-,-,-
724,-,-,False,-,True,False,True,False,-,-,-,-
725,-,-,True,-,False,False,True,False,-,-,-,-
726,-,-,True,-,False,False,False,False,-,-,-,-
727,-,-,True,-,False,False,True,False,-,-,-,-
728,-,-,True,-,False,False,True,False,-,-,-,-
729,-,-,True,-,False,False,True,False,-,-,-,-
730,-,-,True,-,False,False,True,False,-,-,-,-
731,-,-,True,-,False,False,True,False,-,-,-,-
732,-,-,True,-,True,False,True,False,-,-,-,-
733,-,-,True,-,False,False,True,False,-,-,-,-
734,-,-,True,-,False,False,True,False,-,-,-,-
735,-,-,True,-,False,False,True,False,-,-,-,-
736,-,-,True,-,True,False,False,False,-,-,-,-
737,-,-,True,-,False,False,True,False,-,-,-,-
738,-,-,True,-,False,False,False,False,-,-,-,-
739,-,-,True,-,False,False,True,False,-,-,-,-
740,-,-,True,-,False,False,False,False,-,-,-,-
741,-,-,True,-,False,False,True,False,-,-,-,-
742,-,-,True,-,True,False,False,False,-,-,-,-
743,-,-,True,-,False,False,True,False,-,-,-,-
744,-,-,True,-,False,False,True,False,-,-,-,-
745,-,-,True,-,False,False,True,False,-,-,-,-
746,-,-,True,-,False,False,True,False,-,-,-,-
747,-,-,True,-,False,False,True,False,-,-,-,-
748,-,-,True,-,True,False,True,False,-,-,-,-
749,-,-,True,-,False,False,True,False,-,-,-,-
750,-,-,True,-,True,False,False,False,-,-,-,-
751,-,-,True,-,False,False,True,False,-,-,-,-
752,-,-,True,-,True,False,False,False,-,-,-,-
753,-,-,True,-,False,False,True,False,-,-,-,-
754,-,-,True,-,False,False,False,False,-,-,-,-
755,-,-,True,-,False,False,True,False,-,-,-,-
756,-,-,True,-,False,False,False,False,-,-,-,-
757,-,-,True,-,False,False,True,False,-,-,-,-
758,-,-,True,-,False,False,False,False,-,-,-,-
759,-,-,True,-,False,False,True,False,-,-,-,-
760,-,-,True,-,False,False,True,False,-,-,-,-
761,-,-,True,-,False,False,True,False,-,-,-,-
762,-,-,True,-,False,False,False,False,-,-,-,-
763,-,-,True,-,False,False,True,False,-,-,-,-
764,-,-,True,-,False,False,False,False,-,-,-,-
765,-,-,True,-,False,False,True,False,-,-,-,-
766,-,-,True,-,False,False,True,False,-,-,-,-
767,-,-,True,-,False,False,True,False,-,-,-,-
768,-,-,True,-,False,False,False,False,-,-,-,-
769,-,-,True,-,False,False,True,False,-,-,-,-
770,-,-,True,-,False,False,False,False,-,-,-,-
771,-,-,True,-,False,False,True,False,-,-,-,-
772,-,-,True,-,False,False,True,False,-,-,-,-
773,-,-,True,-,False,False,True,False,-,-,-,-
774,-,-,True,-,False,False,False,False,-,-,-,-
775,-,-,True,-,False,False,True,False,-,-,-,-
776,-,-,True,-,False,False,False,False,-,-,-,-
777,-,-,True,-,False,False,True,False,-,-,-,-
778,-,-,True,-,False,False,False,False,-,-,-,-
779,-,-,True,-,False,False,True,False,-,-,-,-
780,-,-,True,-,False,False,False,False,-,-,-,-
781,-,-,True,-,False,False,True,False,-,-,-,-
782,-,-,True,-,False,False,False,False,-,-,-,-
783,-,-,True,-,False,False,True,False,-,-,-,-
784,-,-,True,-,False,False,True,False,-,-,-,-
785,-,-,True,-,False,False,True,False,-,-,-,-
786,-,-,True,-,False,False,True,False,-,-,-,-
787,-,-,True,-,False,False,True,False,-,-,-,-
788,-,-,True,-,False,False,False,False,-,-,-,-
789,-,-,True,-,False,False,True,False,-,-,-,-
790,-,-,True,-,False,False,True,False,-,-,-,-
791,-,-,True,-,False,False,True,False,-,-,-,-
792,-,-,True,-,False,False,False,False,-,-,-,-
793,-,-,True,-,False,False,True,False,-,-,-,-
794,-,-,True,-,False,False,True,False,-,-,-,-
795,-,-,True,-,False,False,True,False,-,-,-,-
796,-,-,True,-,False,False,False,False,-,-,-,-
797,-,-,True,-,False,False,True,False,-,-,-,-
798,-,-,True,-,False,False,False,False,-,-,-,-
799,-,-,True,-,False,False,True,False,-,-,-,-
800,-,-,True,-,False,False,False,False,-,-,-,-
